"","fips","Total_water_use","heads","lb","COMMODITY_DESC","CLASS_DESC","UNIT_DESC","SHORT_DESC","STATE_FIPS_CODE","STATE_ALPHA","STATE_NAME","COUNTY_CODE","COUNTY_NAME"
"1","04001",19380.7962565204,17491,9474302.25,"CATTLE","GE 500 LBS","HEAD","CATTLE, GE 500 LBS - SALES, MEASURED IN HEAD","04","AZ","ARIZONA","001","APACHE"
"2","04003",48767.7194231359,41432,23840099.64,"CATTLE","ALL CLASSES","HEAD","CATTLE, ON FEED - SALES FOR SLAUGHTER, MEASURED IN HEAD","04","AZ","ARIZONA","003","COCHISE"
"3","04005",34684.8346118441,24748,16955681.4,"CATTLE","CALVES","HEAD","CATTLE, CALVES - SALES, MEASURED IN HEAD","04","AZ","ARIZONA","005","COCONINO"
"4","04007",10007.0522246088,7558,4891947.48,"CATTLE","GE 500 LBS","HEAD","CATTLE, GE 500 LBS - SALES, MEASURED IN HEAD","04","AZ","ARIZONA","007","GILA"
"5","04009",11625.7958883093,7800,5683270.32,"CATTLE","GE 500 LBS","HEAD","CATTLE, GE 500 LBS - SALES, MEASURED IN HEAD","04","AZ","ARIZONA","009","GRAHAM"
"6","04011",4838.88714329549,4324,2365489.98,"CATTLE","CALVES","HEAD","CATTLE, CALVES - SALES, MEASURED IN HEAD","04","AZ","ARIZONA","011","GREENLEE"
"7","04012",5976.16569499847,3760,2921448.6,"CATTLE","CALVES","HEAD","CATTLE, CALVES - SALES, MEASURED IN HEAD","04","AZ","ARIZONA","012","LAPAZ"
"8","04013",104917.083829396,101927,51288716.43,"CATTLE","CALVES","HEAD","CATTLE, CALVES - SALES, MEASURED IN HEAD","04","AZ","ARIZONA","013","MARICOPA"
"9","04015",15445.0405645904,12044,7550308.08,"CATTLE","CALVES","HEAD","CATTLE, CALVES - SALES, MEASURED IN HEAD","04","AZ","ARIZONA","015","MOHAVE"
"10","04017",13857.863270942,12035,6774416.46,"CATTLE","ALL CLASSES","HEAD","CATTLE, ON FEED - SALES FOR SLAUGHTER, MEASURED IN HEAD","04","AZ","ARIZONA","017","NAVAJO"
"11","04021",344932.719545873,216639,168620359.95,"CATTLE","GE 500 LBS","HEAD","CATTLE, GE 500 LBS - SALES, MEASURED IN HEAD","04","AZ","ARIZONA","021","PINAL"
"12","04023",13259.3948450445,11483,6481855.17,"CATTLE","GE 500 LBS","HEAD","CATTLE, GE 500 LBS - SALES, MEASURED IN HEAD","04","AZ","ARIZONA","023","SANTA CRUZ"
"13","04025",33104.557226143,24464,16183162.8,"CATTLE","CALVES","HEAD","CATTLE, CALVES - SALES, MEASURED IN HEAD","04","AZ","ARIZONA","025","YAVAPAI"
"14","08001",11700.309481436,7764,5719696.29,"CATTLE","GE 500 LBS","HEAD","CATTLE, GE 500 LBS - SALES, MEASURED IN HEAD","08","CO","COLORADO","001","ADAMS"
"15","08003",11604.1566738263,7363,5672691.99,"CATTLE","CALVES","HEAD","CATTLE, CALVES - SALES, MEASURED IN HEAD","08","CO","COLORADO","003","ALAMOSA"
"16","08005",6192.41478981283,4223,3027161.97,"CATTLE","GE 500 LBS","HEAD","CATTLE, GE 500 LBS - SALES, MEASURED IN HEAD","08","CO","COLORADO","005","ARAPAHOE"
"17","08007",16404.8159558147,10324,8019494.28,"CATTLE","GE 500 LBS","HEAD","CATTLE, GE 500 LBS - SALES, MEASURED IN HEAD","08","CO","COLORADO","007","ARCHULETA"
"18","08009",85046.5655108929,50391,41575013.55,"CATTLE","CALVES","HEAD","CATTLE, CALVES - SALES, MEASURED IN HEAD","08","CO","COLORADO","009","BACA"
"19","08011",32316.2176127647,20686,15797782.98,"CATTLE","CALVES","HEAD","CATTLE, CALVES - SALES, MEASURED IN HEAD","08","CO","COLORADO","011","BENT"
"20","08013",5935.67223074563,3721,2901653.37,"CATTLE","CALVES","HEAD","CATTLE, CALVES - SALES, MEASURED IN HEAD","08","CO","COLORADO","013","BOULDER"
"21","08014",170.694752991715,319,83444.13,"CATTLE","CALVES","HEAD","CATTLE, CALVES - SALES, MEASURED IN HEAD","08","CO","COLORADO","014","BROOMFIELD"
"22","08015",10235.6281067812,6250,5003686.8,"CATTLE","GE 500 LBS","HEAD","CATTLE, GE 500 LBS - SALES, MEASURED IN HEAD","08","CO","COLORADO","015","CHAFFEE"
"23","08017",38775.9310217858,25418,18955613.88,"CATTLE","GE 500 LBS","HEAD","CATTLE, GE 500 LBS - SALES, MEASURED IN HEAD","08","CO","COLORADO","017","CHEYENNE"
"24","08021",29187.2382325867,19171,14268181.41,"CATTLE","CALVES","HEAD","CATTLE, CALVES - SALES, MEASURED IN HEAD","08","CO","COLORADO","021","CONEJOS"
"25","08023",5359.32758514882,3601,2619907.29,"CATTLE","GE 500 LBS","HEAD","CATTLE, GE 500 LBS - SALES, MEASURED IN HEAD","08","CO","COLORADO","023","COSTILLA"
"26","08025",111292.404173059,65452,54405291.78,"CATTLE","GE 500 LBS","HEAD","CATTLE, GE 500 LBS - SALES, MEASURED IN HEAD","08","CO","COLORADO","025","CROWLEY"
"27","08027",8880.78852408714,5597,4341373.47,"CATTLE","GE 500 LBS","HEAD","CATTLE, GE 500 LBS - SALES, MEASURED IN HEAD","08","CO","COLORADO","027","CUSTER"
"28","08029",39417.3724455354,25335,19269182.52,"CATTLE","GE 500 LBS","HEAD","CATTLE, GE 500 LBS - SALES, MEASURED IN HEAD","08","CO","COLORADO","029","DELTA"
"29","08033",4620.56060141148,2951,2258761.05,"CATTLE","GE 500 LBS","HEAD","CATTLE, GE 500 LBS - SALES, MEASURED IN HEAD","08","CO","COLORADO","033","DOLORES"
"30","08035",8911.42571340902,5680,4356350.46,"CATTLE","GE 500 LBS","HEAD","CATTLE, GE 500 LBS - SALES, MEASURED IN HEAD","08","CO","COLORADO","035","DOUGLAS"
"31","08037",9030.01546486652,6024,4414323.06,"CATTLE","GE 500 LBS","HEAD","CATTLE, GE 500 LBS - SALES, MEASURED IN HEAD","08","CO","COLORADO","037","EAGLE"
"32","08039",44987.6008591592,28824,21992188.68,"CATTLE","CALVES","HEAD","CATTLE, CALVES - SALES, MEASURED IN HEAD","08","CO","COLORADO","039","ELBERT"
"33","08041",28011.9599263578,18399,13693646.61,"CATTLE","CALVES","HEAD","CATTLE, CALVES - SALES, MEASURED IN HEAD","08","CO","COLORADO","041","EL PASO"
"34","08043",11676.0786130715,8909,5707851.03,"CATTLE","GE 500 LBS","HEAD","CATTLE, GE 500 LBS - SALES, MEASURED IN HEAD","08","CO","COLORADO","043","FREMONT"
"35","08045",37319.9138386008,22711,18243839.88,"CATTLE","ALL CLASSES","HEAD","CATTLE, ON FEED - SALES FOR SLAUGHTER, MEASURED IN HEAD","08","CO","COLORADO","045","GARFIELD"
"36","08047",237.66406873274,154,116182.08,"CATTLE","GE 500 LBS","HEAD","CATTLE, GE 500 LBS - SALES, MEASURED IN HEAD","08","CO","COLORADO","047","GILPIN"
"37","08049",16505.832463946,12937,8068876.2,"CATTLE","GE 500 LBS","HEAD","CATTLE, GE 500 LBS - SALES, MEASURED IN HEAD","08","CO","COLORADO","049","GRAND"
"38","08051",29729.7818349187,18490,14533403.85,"CATTLE","GE 500 LBS","HEAD","CATTLE, GE 500 LBS - SALES, MEASURED IN HEAD","08","CO","COLORADO","051","GUNNISON"
"39","08053",446.572506903958,381,218306.97,"CATTLE","CALVES","HEAD","CATTLE, CALVES - SALES, MEASURED IN HEAD","08","CO","COLORADO","053","HINSDALE"
"40","08055",12801.0497084995,9728,6257793.15,"CATTLE","GE 500 LBS","HEAD","CATTLE, GE 500 LBS - SALES, MEASURED IN HEAD","08","CO","COLORADO","055","HUERFANO"
"41","08057",28467.9183185026,20455,13916541.87,"CATTLE","GE 500 LBS","HEAD","CATTLE, GE 500 LBS - SALES, MEASURED IN HEAD","08","CO","COLORADO","057","JACKSON"
"42","08059",1836.72997852102,1247,897885.45,"CATTLE","GE 500 LBS","HEAD","CATTLE, GE 500 LBS - SALES, MEASURED IN HEAD","08","CO","COLORADO","059","JEFFERSON"
"43","08061",19222.7143909175,13153,9397023.93,"CATTLE","CALVES","HEAD","CATTLE, CALVES - SALES, MEASURED IN HEAD","08","CO","COLORADO","061","KIOWA"
"44","08063",608654.892482357,368317,297540944.19,"CATTLE","GE 500 LBS","HEAD","CATTLE, GE 500 LBS - SALES, MEASURED IN HEAD","08","CO","COLORADO","063","KIT CARSON"
"45","08065",870.251856397668,536,425422.62,"CATTLE","GE 500 LBS","HEAD","CATTLE, GE 500 LBS - SALES, MEASURED IN HEAD","08","CO","COLORADO","065","LAKE"
"46","08067",20977.8195151887,13849,10255007.07,"CATTLE","CALVES","HEAD","CATTLE, CALVES - SALES, MEASURED IN HEAD","08","CO","COLORADO","067","LA PLATA"
"47","08069",46997.801534213,31968,22974875.28,"CATTLE","GE 500 LBS","HEAD","CATTLE, GE 500 LBS - SALES, MEASURED IN HEAD","08","CO","COLORADO","069","LARIMER"
"48","08071",36833.3169683952,24785,18005967,"CATTLE","ALL CLASSES","HEAD","CATTLE, ON FEED - SALES FOR SLAUGHTER, MEASURED IN HEAD","08","CO","COLORADO","071","LAS ANIMAS"
"49","08073",50469.0983123658,31065,24671818.71,"CATTLE","ALL CLASSES","HEAD","CATTLE, ON FEED - SALES FOR SLAUGHTER, MEASURED IN HEAD","08","CO","COLORADO","073","LINCOLN"
"50","08075",1088826.46762811,654769,532272818.7,"CATTLE","HEIFERS, GE 500 LBS, MILK REPLACEMENT","HEAD","CATTLE, HEIFERS, GE 500 LBS, MILK REPLACEMENT, PRODUCTION CONTRACT - PRODUCTION, MEASURED IN HEAD","08","CO","COLORADO","075","LOGAN"
"51","08077",56347.7399815894,34829,27545592.69,"CATTLE","ALL CLASSES","HEAD","CATTLE, ON FEED - SALES FOR SLAUGHTER, MEASURED IN HEAD","08","CO","COLORADO","077","MESA"
"52","08081",39538.2625958883,25359,19328279.67,"CATTLE","ALL CLASSES","HEAD","CATTLE, ON FEED - SALES FOR SLAUGHTER, MEASURED IN HEAD","08","CO","COLORADO","081","MOFFAT"
"53","08083",27198.5478981283,18662,13296010.14,"CATTLE","GE 500 LBS","HEAD","CATTLE, GE 500 LBS - SALES, MEASURED IN HEAD","08","CO","COLORADO","083","MONTEZUMA"
"54","08085",64016.5185639767,39346,31294475.1,"CATTLE","GE 500 LBS","HEAD","CATTLE, GE 500 LBS - SALES, MEASURED IN HEAD","08","CO","COLORADO","085","MONTROSE"
"55","08087",671684.033445842,413670,328352739.75,"CATTLE","GE 500 LBS","HEAD","CATTLE, GE 500 LBS - SALES, MEASURED IN HEAD","08","CO","COLORADO","087","MORGAN"
"56","08089",213741.553053084,130804,104487558.21,"CATTLE","CALVES","HEAD","CATTLE, CALVES - SALES, MEASURED IN HEAD","08","CO","COLORADO","089","OTERO"
"57","08091",5507.39337220006,3313,2692289.25,"CATTLE","CALVES","HEAD","CATTLE, CALVES - SALES, MEASURED IN HEAD","08","CO","COLORADO","091","OURAY"
"58","08093",7225.31837987113,4985,3532096.89,"CATTLE","CALVES","HEAD","CATTLE, CALVES - SALES, MEASURED IN HEAD","08","CO","COLORADO","093","PARK"
"59","08095",123991.786560295,75960,60613384.86,"CATTLE","ALL CLASSES","HEAD","CATTLE, ON FEED - SALES FOR SLAUGHTER, MEASURED IN HEAD","08","CO","COLORADO","095","PHILLIPS"
"60","08097",2452.65823872353,1766,1198981.98,"CATTLE","CALVES","HEAD","CATTLE, CALVES - SALES, MEASURED IN HEAD","08","CO","COLORADO","097","PITKIN"
"61","08099",281621.617980976,160819,137670727.95,"CATTLE","CALVES","HEAD","CATTLE, CALVES - SALES, MEASURED IN HEAD","08","CO","COLORADO","099","PROWERS"
"62","08101",50181.8848112918,32241,24531414.39,"CATTLE","GE 500 LBS","HEAD","CATTLE, GE 500 LBS - SALES, MEASURED IN HEAD","08","CO","COLORADO","101","PUEBLO"
"63","08103",24523.2020251611,16155,11988167.31,"CATTLE","GE 500 LBS","HEAD","CATTLE, GE 500 LBS - SALES, MEASURED IN HEAD","08","CO","COLORADO","103","RIO BLANCO"
"64","08105",12701.0255293035,7527,6208896.33,"CATTLE","GE 500 LBS","HEAD","CATTLE, GE 500 LBS - SALES, MEASURED IN HEAD","08","CO","COLORADO","105","RIO GRANDE"
"65","08107",40503.7638539429,25861,19800264.96,"CATTLE","CALVES","HEAD","CATTLE, CALVES - SALES, MEASURED IN HEAD","08","CO","COLORADO","107","ROUTT"
"66","08109",25094.7306535747,17036,12267559.08,"CATTLE","GE 500 LBS","HEAD","CATTLE, GE 500 LBS - SALES, MEASURED IN HEAD","08","CO","COLORADO","109","SAGUACHE"
"67","08113",9831.67161706045,5919,4806212.67,"CATTLE","ALL CLASSES","HEAD","CATTLE, ON FEED - SALES FOR SLAUGHTER, MEASURED IN HEAD","08","CO","COLORADO","113","SAN MIGUEL"
"68","08115",26756.0465173366,15837,13079693.34,"CATTLE","ALL CLASSES","HEAD","CATTLE, ON FEED - SALES FOR SLAUGHTER, MEASURED IN HEAD","08","CO","COLORADO","115","SEDGWICK"
"69","08117",1228.06762810678,1218,600340.86,"CATTLE","CALVES","HEAD","CATTLE, CALVES - SALES, MEASURED IN HEAD","08","CO","COLORADO","117","SUMMIT"
"70","08119",1607.71334765265,1172,785930.67,"CATTLE","ALL CLASSES","HEAD","CATTLE, ON FEED - SALES FOR SLAUGHTER, MEASURED IN HEAD","08","CO","COLORADO","119","TELLER"
"71","08121",161175.679165388,98404,78790730.76,"CATTLE","ALL CLASSES","HEAD","CATTLE, ON FEED - SALES FOR SLAUGHTER, MEASURED IN HEAD","08","CO","COLORADO","121","WASHINGTON"
"72","08123",2801866.01828782,1739788,1369692203.04,"CATTLE","ALL CLASSES","HEAD","CATTLE, PRODUCTION CONTRACT, ON FEED - PRODUCTION, MEASURED IN HEAD","08","CO","COLORADO","123","WELD"
"73","08125",1230532.93402884,743462,601546024.8,"CATTLE","ALL CLASSES","HEAD","CATTLE, ON FEED - SALES FOR SLAUGHTER, MEASURED IN HEAD","08","CO","COLORADO","125","YUMA"
"74","32001",30025.7149432341,22351,14678070.75,"CATTLE","CALVES","HEAD","CATTLE, CALVES - SALES, MEASURED IN HEAD","32","NV","NEVADA","001","CHURCHILL"
"75","32003",702.807302853636,723,343567.35,"CATTLE","CALVES","HEAD","CATTLE, CALVES - SALES, MEASURED IN HEAD","32","NV","NEVADA","003","CLARK"
"76","32005",21743.3110770175,13170,10629217.62,"CATTLE","ALL CLASSES","HEAD","CATTLE, ON FEED - SALES FOR SLAUGHTER, MEASURED IN HEAD","32","NV","NEVADA","005","DOUGLAS"
"77","32007",84618.7389996932,70566,41365870.56,"CATTLE","ALL CLASSES","HEAD","CATTLE, ON FEED - SALES FOR SLAUGHTER, MEASURED IN HEAD","32","NV","NEVADA","007","ELKO"
"78","32011",13277.0853636085,12418,6490503.18,"CATTLE","CALVES","HEAD","CATTLE, CALVES - SALES, MEASURED IN HEAD","32","NV","NEVADA","011","EUREKA"
"79","32013",51606.5224915618,37898,25227848.52,"CATTLE","CALVES","HEAD","CATTLE, CALVES - SALES, MEASURED IN HEAD","32","NV","NEVADA","013","HUMBOLDT"
"80","32015",15853.7602332004,10748,7750110.69,"CATTLE","ALL CLASSES","HEAD","CATTLE, ON FEED - SALES FOR SLAUGHTER, MEASURED IN HEAD","32","NV","NEVADA","015","LANDER"
"81","32017",13734.5361153728,10838,6714127.98,"CATTLE","ALL CLASSES","HEAD","CATTLE, ON FEED - SALES FOR SLAUGHTER, MEASURED IN HEAD","32","NV","NEVADA","017","LINCOLN"
"82","32019",68288.3966861,45576,33382782.72,"CATTLE","GE 500 LBS","HEAD","CATTLE, GE 500 LBS - SALES, MEASURED IN HEAD","32","NV","NEVADA","019","LYON"
"83","32021",616.669285056766,574,301458.78,"CATTLE","GE 500 LBS","HEAD","CATTLE, GE 500 LBS - SALES, MEASURED IN HEAD","32","NV","NEVADA","021","MINERAL"
"84","32023",18431.683890764,17475,9010328.67,"CATTLE","CALVES","HEAD","CATTLE, CALVES - SALES, MEASURED IN HEAD","32","NV","NEVADA","023","NYE"
"85","32027",19071.6793494937,15167,9323190.45,"CATTLE","GE 500 LBS","HEAD","CATTLE, GE 500 LBS - SALES, MEASURED IN HEAD","32","NV","NEVADA","027","PERSHING"
"86","32031",13914.652838294,9700,6802178.04,"CATTLE","GE 500 LBS","HEAD","CATTLE, GE 500 LBS - SALES, MEASURED IN HEAD","32","NV","NEVADA","031","WASHOE"
"87","32033",24094.6061368518,16047,11778648.21,"CATTLE","GE 500 LBS","HEAD","CATTLE, GE 500 LBS - SALES, MEASURED IN HEAD","32","NV","NEVADA","033","WHITE PINE"
"88","35001",1531.13003988954,1288,748492.92,"CATTLE","CALVES","HEAD","CATTLE, CALVES - SALES, MEASURED IN HEAD","35","NM","NEW MEXICO","001","BERNALILLO"
"89","35003",16366.5777845965,13323,8000801.55,"CATTLE","CALVES","HEAD","CATTLE, CALVES - SALES, MEASURED IN HEAD","35","NM","NEW MEXICO","003","CATRON"
"90","35005",102742.902730899,108922,50225868,"CATTLE","GE 500 LBS","HEAD","CATTLE, GE 500 LBS - SALES, MEASURED IN HEAD","35","NM","NEW MEXICO","005","CHAVES"
"91","35006",8609.48965940472,7134,4208749.02,"CATTLE","CALVES","HEAD","CATTLE, CALVES - SALES, MEASURED IN HEAD","35","NM","NEW MEXICO","006","CIBOLA"
"92","35007",46381.427370359,30037,22673560.77,"CATTLE","GE 500 LBS","HEAD","CATTLE, GE 500 LBS - SALES, MEASURED IN HEAD","35","NM","NEW MEXICO","007","COLFAX"
"93","35009",254108.197667996,188213,124220792.43,"CATTLE","GE 500 LBS","HEAD","CATTLE, GE 500 LBS - SALES, MEASURED IN HEAD","35","NM","NEW MEXICO","009","CURRY"
"94","35011",39578.8385394293,23910,19348115.22,"CATTLE","CALVES","HEAD","CATTLE, CALVES - SALES, MEASURED IN HEAD","35","NM","NEW MEXICO","011","DE BACA"
"95","35013",27023.4366370052,26758,13210407,"CATTLE","GE 500 LBS","HEAD","CATTLE, GE 500 LBS - SALES, MEASURED IN HEAD","35","NM","NEW MEXICO","013","DONA ANA"
"96","35015",27456.8472537588,21814,13422279.78,"CATTLE","GE 500 LBS","HEAD","CATTLE, GE 500 LBS - SALES, MEASURED IN HEAD","35","NM","NEW MEXICO","015","EDDY"
"97","35017",24148.1712795336,17623,11804833.53,"CATTLE","CALVES","HEAD","CATTLE, CALVES - SALES, MEASURED IN HEAD","35","NM","NEW MEXICO","017","GRANT"
"98","35019",22370.4861613992,15028,10935812.16,"CATTLE","CALVES","HEAD","CATTLE, CALVES - SALES, MEASURED IN HEAD","35","NM","NEW MEXICO","019","GUADALUPE"
"99","35021",23693.2915618288,15294,11582465.58,"CATTLE","GE 500 LBS","HEAD","CATTLE, GE 500 LBS - SALES, MEASURED IN HEAD","35","NM","NEW MEXICO","021","HARDING"
"100","35023",16190.3659404725,15275,7914660.39,"CATTLE","CALVES","HEAD","CATTLE, CALVES - SALES, MEASURED IN HEAD","35","NM","NEW MEXICO","023","HIDALGO"
"101","35025",74769.5508438171,63425,36551094.93,"CATTLE","GE 500 LBS","HEAD","CATTLE, GE 500 LBS - SALES, MEASURED IN HEAD","35","NM","NEW MEXICO","025","LEA"
"102","35027",25195.5770481743,18094,12316857.84,"CATTLE","CALVES","HEAD","CATTLE, CALVES - SALES, MEASURED IN HEAD","35","NM","NEW MEXICO","027","LINCOLN"
"103","35029",23148.2942006751,16280,11316043.62,"CATTLE","CALVES","HEAD","CATTLE, CALVES - SALES, MEASURED IN HEAD","35","NM","NEW MEXICO","029","LUNA"
"104","35031",10688.088861614,8756,5224872.24,"CATTLE","CALVES","HEAD","CATTLE, CALVES - SALES, MEASURED IN HEAD","35","NM","NEW MEXICO","031","MCKINLEY"
"105","35033",24986.2355937404,15347,12214521.27,"CATTLE","GE 500 LBS","HEAD","CATTLE, GE 500 LBS - SALES, MEASURED IN HEAD","35","NM","NEW MEXICO","033","MORA"
"106","35035",12711.9720773243,10301,6214247.55,"CATTLE","CALVES","HEAD","CATTLE, CALVES - SALES, MEASURED IN HEAD","35","NM","NEW MEXICO","035","OTERO"
"107","35037",58028.9294875729,36314,28367442.18,"CATTLE","CALVES","HEAD","CATTLE, CALVES - SALES, MEASURED IN HEAD","35","NM","NEW MEXICO","037","QUAY"
"108","35039",14473.0737035901,11706,7075162.08,"CATTLE","GE 500 LBS","HEAD","CATTLE, GE 500 LBS - SALES, MEASURED IN HEAD","35","NM","NEW MEXICO","039","RIO ARRIBA"
"109","35041",77024.3979748389,66455,37653376.95,"CATTLE","CALVES","HEAD","CATTLE, CALVES - SALES, MEASURED IN HEAD","35","NM","NEW MEXICO","041","ROOSEVELT"
"110","35043",7418.24774470697,6411,3626410.41,"CATTLE","CALVES","HEAD","CATTLE, CALVES - SALES, MEASURED IN HEAD","35","NM","NEW MEXICO","043","SANDOVAL"
"111","35045",7548.54826633937,6430,3690107.82,"CATTLE","GE 500 LBS","HEAD","CATTLE, GE 500 LBS - SALES, MEASURED IN HEAD","35","NM","NEW MEXICO","045","SAN JUAN"
"112","35047",32611.6584228291,22798,15942209.22,"CATTLE","CALVES","HEAD","CATTLE, CALVES - SALES, MEASURED IN HEAD","35","NM","NEW MEXICO","047","SAN MIGUEL"
"113","35049",16992.3494323412,11376,8306710.02,"CATTLE","GE 500 LBS","HEAD","CATTLE, GE 500 LBS - SALES, MEASURED IN HEAD","35","NM","NEW MEXICO","049","SANTA FE"
"114","35051",13512.3330469469,11087,6605504.01,"CATTLE","GE 500 LBS","HEAD","CATTLE, GE 500 LBS - SALES, MEASURED IN HEAD","35","NM","NEW MEXICO","051","SIERRA"
"115","35053",19945.3695612151,18981,9750293.91,"CATTLE","GE 500 LBS","HEAD","CATTLE, GE 500 LBS - SALES, MEASURED IN HEAD","35","NM","NEW MEXICO","053","SOCORRO"
"116","35055",3744.42178582387,2775,1830460.59,"CATTLE","CALVES","HEAD","CATTLE, CALVES - SALES, MEASURED IN HEAD","35","NM","NEW MEXICO","055","TAOS"
"117","35057",42235.0182878183,28093,20646588.69,"CATTLE","GE 500 LBS","HEAD","CATTLE, GE 500 LBS - SALES, MEASURED IN HEAD","35","NM","NEW MEXICO","057","TORRANCE"
"118","35059",144298.369008898,88041,70540257.69,"CATTLE","ALL CLASSES","HEAD","CATTLE, ON FEED - SALES FOR SLAUGHTER, MEASURED IN HEAD","35","NM","NEW MEXICO","059","UNION"
"119","35061",21666.784473765,17485,10591807.59,"CATTLE","CALVES","HEAD","CATTLE, CALVES - SALES, MEASURED IN HEAD","35","NM","NEW MEXICO","061","VALENCIA"
"120","49001",21836.2897207732,13865,10674670.23,"CATTLE","ALL CLASSES","HEAD","CATTLE, ON FEED - SALES FOR SLAUGHTER, MEASURED IN HEAD","49","UT","UTAH","001","BEAVER"
"121","49003",76209.6340595275,50250,37255079.61,"CATTLE","CALVES","HEAD","CATTLE, CALVES - SALES, MEASURED IN HEAD","49","UT","UTAH","003","BOX ELDER"
"122","49005",55256.2039275852,36318,27011995.29,"CATTLE","CALVES","HEAD","CATTLE, CALVES - SALES, MEASURED IN HEAD","49","UT","UTAH","005","CACHE"
"123","49007",4731.44627186253,3114,2312967.51,"CATTLE","GE 500 LBS","HEAD","CATTLE, GE 500 LBS - SALES, MEASURED IN HEAD","49","UT","UTAH","007","CARBON"
"124","49009",3939.76366983737,2589,1925953.47,"CATTLE","CALVES","HEAD","CATTLE, CALVES - SALES, MEASURED IN HEAD","49","UT","UTAH","009","DAGGETT"
"125","49011",3755.63252531451,2894,1835940.96,"CATTLE","CALVES","HEAD","CATTLE, CALVES - SALES, MEASURED IN HEAD","49","UT","UTAH","011","DAVIS"
"126","49013",55734.5374041117,36703,27245828.61,"CATTLE","ALL CLASSES","HEAD","CATTLE, ON FEED - SALES FOR SLAUGHTER, MEASURED IN HEAD","49","UT","UTAH","013","DUCHESNE"
"127","49015",16583.9339061062,10634,8107056.09,"CATTLE","CALVES","HEAD","CATTLE, CALVES - SALES, MEASURED IN HEAD","49","UT","UTAH","015","EMERY"
"128","49017",14320.8955507824,10220,7000769.79,"CATTLE","GE 500 LBS","HEAD","CATTLE, GE 500 LBS - SALES, MEASURED IN HEAD","49","UT","UTAH","017","GARFIELD"
"129","49019",4714.52899662473,2849,2304697.5,"CATTLE","CALVES","HEAD","CATTLE, CALVES - SALES, MEASURED IN HEAD","49","UT","UTAH","019","GRAND"
"130","49021",27652.0705737956,20827,13517714.7,"CATTLE","CALVES","HEAD","CATTLE, CALVES - SALES, MEASURED IN HEAD","49","UT","UTAH","021","IRON"
"131","49023",13745.3215710341,10244,6719400.45,"CATTLE","GE 500 LBS","HEAD","CATTLE, GE 500 LBS - SALES, MEASURED IN HEAD","49","UT","UTAH","023","JUAB"
"132","49025",9477.44111690703,6339,4633047.09,"CATTLE","CALVES","HEAD","CATTLE, CALVES - SALES, MEASURED IN HEAD","49","UT","UTAH","025","KANE"
"133","49027",40490.304265112,29146,19793685.24,"CATTLE","CALVES","HEAD","CATTLE, CALVES - SALES, MEASURED IN HEAD","49","UT","UTAH","027","MILLARD"
"134","49029",6522.5664927892,4305,3188556.63,"CATTLE","GE 500 LBS","HEAD","CATTLE, GE 500 LBS - SALES, MEASURED IN HEAD","49","UT","UTAH","029","MORGAN"
"135","49031",13121.8142374962,7947,6414598.89,"CATTLE","GE 500 LBS","HEAD","CATTLE, GE 500 LBS - SALES, MEASURED IN HEAD","49","UT","UTAH","031","PIUTE"
"136","49033",29985.109358699,23355,14658220.71,"CATTLE","CALVES","HEAD","CATTLE, CALVES - SALES, MEASURED IN HEAD","49","UT","UTAH","033","RICH"
"137","49037",13361.2980055232,8629,6531670.53,"CATTLE","GE 500 LBS","HEAD","CATTLE, GE 500 LBS - SALES, MEASURED IN HEAD","49","UT","UTAH","037","SAN JUAN"
"138","49039",56376.5291193618,37708,27559666.26,"CATTLE","ALL CLASSES","HEAD","CATTLE, ON FEED - SALES FOR SLAUGHTER, MEASURED IN HEAD","49","UT","UTAH","039","SANPETE"
"139","49041",71304.0379257441,50198,34856978.94,"CATTLE","CALVES","HEAD","CATTLE, CALVES - SALES, MEASURED IN HEAD","49","UT","UTAH","041","SEVIER"
"140","49043",22350.8689782142,13811,10926222.3,"CATTLE","GE 500 LBS","HEAD","CATTLE, GE 500 LBS - SALES, MEASURED IN HEAD","49","UT","UTAH","043","SUMMIT"
"141","49045",18244.2020251611,11948,8918678.16,"CATTLE","ALL CLASSES","HEAD","CATTLE, ON FEED - SALES FOR SLAUGHTER, MEASURED IN HEAD","49","UT","UTAH","045","TOOELE"
"142","49047",40407.215403498,27346,19753067.25,"CATTLE","GE 500 LBS","HEAD","CATTLE, GE 500 LBS - SALES, MEASURED IN HEAD","49","UT","UTAH","047","UINTAH"
"143","49049",37477.615526235,32036,18320932.35,"CATTLE","ALL CLASSES","HEAD","CATTLE, ON FEED - SALES FOR SLAUGHTER, MEASURED IN HEAD","49","UT","UTAH","049","UTAH"
"144","49051",323.215710340595,209,158004,"CATTLE","ALL CLASSES","HEAD","CATTLE, ON FEED - SALES FOR SLAUGHTER, MEASURED IN HEAD","49","UT","UTAH","051","WASATCH"
"145","49053",17743.2692236882,12376,8673797.16,"CATTLE","ALL CLASSES","HEAD","CATTLE, ON FEED - SALES FOR SLAUGHTER, MEASURED IN HEAD","49","UT","UTAH","053","WASHINGTON"
"146","49055",13539.2470696533,8531,6618660.93,"CATTLE","GE 500 LBS","HEAD","CATTLE, GE 500 LBS - SALES, MEASURED IN HEAD","49","UT","UTAH","055","WAYNE"
"147","49057",10911.6708806382,8075,5334170.31,"CATTLE","GE 500 LBS","HEAD","CATTLE, GE 500 LBS - SALES, MEASURED IN HEAD","49","UT","UTAH","057","WEBER"
"148","04001",30.9582,189,0,"CHICKENS","ROOSTERS","HEAD","CHICKENS, ROOSTERS - SALES, MEASURED IN HEAD","04","AZ","ARIZONA","001","APACHE"
"149","04003",1082.0628,6606,0,"CHICKENS","PULLETS, REPLACEMENT","HEAD","CHICKENS, PULLETS, REPLACEMENT - SALES, MEASURED IN HEAD","04","AZ","ARIZONA","003","COCHISE"
"150","04005",33.0876,202,0,"CHICKENS","LAYERS","HEAD","CHICKENS, LAYERS - SALES, MEASURED IN HEAD","04","AZ","ARIZONA","005","COCONINO"
"151","04007",25.2252,154,0,"CHICKENS","LAYERS","HEAD","CHICKENS, LAYERS - SALES, MEASURED IN HEAD","04","AZ","ARIZONA","007","GILA"
"152","04009",22.2768,136,0,"CHICKENS","LAYERS","HEAD","CHICKENS, LAYERS - SALES, MEASURED IN HEAD","04","AZ","ARIZONA","009","GRAHAM"
"153","04011",12.7764,78,0,"CHICKENS","LAYERS","HEAD","CHICKENS, LAYERS - SALES, MEASURED IN HEAD","04","AZ","ARIZONA","011","GREENLEE"
"154","04013",281.782639644063,1941,747.84,"CHICKENS","BROILERS","HEAD","CHICKENS, BROILERS - SALES, MEASURED IN HEAD","04","AZ","ARIZONA","013","MARICOPA"
"155","04015",42.8748312979441,436,590.4,"CHICKENS","LAYERS","HEAD","CHICKENS, LAYERS - SALES, MEASURED IN HEAD","04","AZ","ARIZONA","015","MOHAVE"
"156","04017",217.405567413317,1517,642.88,"CHICKENS","BROILERS","HEAD","CHICKENS, BROILERS - SALES, MEASURED IN HEAD","04","AZ","ARIZONA","017","NAVAJO"
"157","04019",189.770468978214,1357,672.4,"CHICKENS","LAYERS","HEAD","CHICKENS, LAYERS - SALES, MEASURED IN HEAD","04","AZ","ARIZONA","019","PIMA"
"158","04021",28.1600104326481,230,196.8,"CHICKENS","LAYERS","HEAD","CHICKENS, LAYERS - SALES, MEASURED IN HEAD","04","AZ","ARIZONA","021","PINAL"
"159","04025",280.291524087143,10382,29378.96,"CHICKENS","ROOSTERS","HEAD","CHICKENS, ROOSTERS - SALES, MEASURED IN HEAD","04","AZ","ARIZONA","025","YAVAPAI"
"160","04027",0.392513040810064,75,246,"CHICKENS","BROILERS","HEAD","CHICKENS, BROILERS - SALES, MEASURED IN HEAD","04","AZ","ARIZONA","027","YUMA"
"161","08001",298.917913715864,2458,2145.12,"CHICKENS","PULLETS, REPLACEMENT","HEAD","CHICKENS, PULLETS, REPLACEMENT - SALES, MEASURED IN HEAD","08","CO","COLORADO","001","ADAMS"
"162","08005",96.5312602638846,1296,2394.4,"CHICKENS","BROILERS","HEAD","CHICKENS, BROILERS - SALES, MEASURED IN HEAD","08","CO","COLORADO","005","ARAPAHOE"
"163","08007",18.4853434182264,169,190.24,"CHICKENS","BROILERS","HEAD","CHICKENS, BROILERS - SALES, MEASURED IN HEAD","08","CO","COLORADO","007","ARCHULETA"
"164","08013",44.5658915618288,1153,2984.8,"CHICKENS","BROILERS","HEAD","CHICKENS, BROILERS - SALES, MEASURED IN HEAD","08","CO","COLORADO","013","BOULDER"
"165","08021",30.303,185,0,"CHICKENS","LAYERS","HEAD","CHICKENS, LAYERS - SALES, MEASURED IN HEAD","08","CO","COLORADO","021","CONEJOS"
"166","08025",125.865049831237,1417,2197.6,"CHICKENS","ROOSTERS","HEAD","CHICKENS, ROOSTERS - SALES, MEASURED IN HEAD","08","CO","COLORADO","025","CROWLEY"
"167","08027",6.48240312979441,57,59.04,"CHICKENS","LAYERS","HEAD","CHICKENS, LAYERS - SALES, MEASURED IN HEAD","08","CO","COLORADO","027","CUSTER"
"168","08029",106.031724884934,3384,9272.56,"CHICKENS","BROILERS","HEAD","CHICKENS, BROILERS - SALES, MEASURED IN HEAD","08","CO","COLORADO","029","DELTA"
"169","08035",456.60535280761,2896,367.36,"CHICKENS","PULLETS, REPLACEMENT","HEAD","CHICKENS, PULLETS, REPLACEMENT - SALES, MEASURED IN HEAD","08","CO","COLORADO","035","DOUGLAS"
"170","08037",43.2432,264,0,"CHICKENS","LAYERS","HEAD","CHICKENS, LAYERS - SALES, MEASURED IN HEAD","08","CO","COLORADO","037","EAGLE"
"171","08039",630.353062902731,5312,4959.36,"CHICKENS","ROOSTERS","HEAD","CHICKENS, ROOSTERS - SALES, MEASURED IN HEAD","08","CO","COLORADO","039","ELBERT"
"172","08041",970.601461368518,8123,7445.6,"CHICKENS","PULLETS, REPLACEMENT","HEAD","CHICKENS, PULLETS, REPLACEMENT - SALES, MEASURED IN HEAD","08","CO","COLORADO","041","EL PASO"
"173","08043",110.135566001841,1411,2502.64,"CHICKENS","LAYERS","HEAD","CHICKENS, LAYERS - SALES, MEASURED IN HEAD","08","CO","COLORADO","043","FREMONT"
"174","08045",74.3045966247315,806,1193.92,"CHICKENS","LAYERS","HEAD","CHICKENS, LAYERS - SALES, MEASURED IN HEAD","08","CO","COLORADO","045","GARFIELD"
"175","08047",9.1728,56,0,"CHICKENS","LAYERS","HEAD","CHICKENS, LAYERS - SALES, MEASURED IN HEAD","08","CO","COLORADO","047","GILPIN"
"176","08049",21.4578,131,0,"CHICKENS","LAYERS","HEAD","CHICKENS, LAYERS - SALES, MEASURED IN HEAD","08","CO","COLORADO","049","GRAND"
"177","08051",46.2932353482663,665,1295.6,"CHICKENS","LAYERS","HEAD","CHICKENS, LAYERS - SALES, MEASURED IN HEAD","08","CO","COLORADO","051","GUNNISON"
"178","08055",6.2244,38,0,"CHICKENS","LAYERS","HEAD","CHICKENS, LAYERS - SALES, MEASURED IN HEAD","08","CO","COLORADO","055","HUERFANO"
"179","08059",21.7854,133,0,"CHICKENS","LAYERS","HEAD","CHICKENS, LAYERS - SALES, MEASURED IN HEAD","08","CO","COLORADO","059","JEFFERSON"
"180","08061",221.13,1350,0,"CHICKENS","LAYERS","HEAD","CHICKENS, LAYERS - SALES, MEASURED IN HEAD","08","CO","COLORADO","061","KIOWA"
"181","08067",188.363468487266,2088,3178.32,"CHICKENS","BROILERS","HEAD","CHICKENS, BROILERS - SALES, MEASURED IN HEAD","08","CO","COLORADO","067","LA PLATA"
"182","08069",268.173030991102,7006,18190.88,"CHICKENS","ROOSTERS","HEAD","CHICKENS, ROOSTERS - SALES, MEASURED IN HEAD","08","CO","COLORADO","069","LARIMER"
"183","08071",61.425,375,0,"CHICKENS","LAYERS","HEAD","CHICKENS, LAYERS - SALES, MEASURED IN HEAD","08","CO","COLORADO","071","LAS ANIMAS"
"184","08073",62.244,380,0,"CHICKENS","LAYERS","HEAD","CHICKENS, LAYERS - SALES, MEASURED IN HEAD","08","CO","COLORADO","073","LINCOLN"
"185","08077",92.2633790119668,632,232.88,"CHICKENS","PULLETS, REPLACEMENT","HEAD","CHICKENS, PULLETS, REPLACEMENT - SALES, MEASURED IN HEAD","08","CO","COLORADO","077","MESA"
"186","08081",4.7502,29,0,"CHICKENS","ROOSTERS","HEAD","CHICKENS, ROOSTERS - SALES, MEASURED IN HEAD","08","CO","COLORADO","081","MOFFAT"
"187","08083",101.501641730592,852,787.2,"CHICKENS","BROILERS","HEAD","CHICKENS, BROILERS - SALES, MEASURED IN HEAD","08","CO","COLORADO","083","MONTEZUMA"
"188","08085",10.1111359312673,1932,6336.96,"CHICKENS","BROILERS","HEAD","CHICKENS, BROILERS - SALES, MEASURED IN HEAD","08","CO","COLORADO","085","MONTROSE"
"189","08087",190.602046946916,1425,885.6,"CHICKENS","BROILERS","HEAD","CHICKENS, BROILERS - SALES, MEASURED IN HEAD","08","CO","COLORADO","087","MORGAN"
"190","08089",15.2334,93,0,"CHICKENS","ROOSTERS","HEAD","CHICKENS, ROOSTERS - SALES, MEASURED IN HEAD","08","CO","COLORADO","089","OTERO"
"191","08091",9.5004,58,0,"CHICKENS","LAYERS","HEAD","CHICKENS, LAYERS - SALES, MEASURED IN HEAD","08","CO","COLORADO","091","OURAY"
"192","08093",9.009,55,0,"CHICKENS","LAYERS","HEAD","CHICKENS, LAYERS - SALES, MEASURED IN HEAD","08","CO","COLORADO","093","PARK"
"193","08097",7.8624,48,0,"CHICKENS","LAYERS","HEAD","CHICKENS, LAYERS - SALES, MEASURED IN HEAD","08","CO","COLORADO","097","PITKIN"
"194","08101",48.5293286897821,456,541.2,"CHICKENS","BROILERS","HEAD","CHICKENS, BROILERS - SALES, MEASURED IN HEAD","08","CO","COLORADO","101","PUEBLO"
"195","08103",5.2416,32,0,"CHICKENS","LAYERS","HEAD","CHICKENS, LAYERS - SALES, MEASURED IN HEAD","08","CO","COLORADO","103","RIO BLANCO"
"196","08105",4.4226,27,0,"CHICKENS","LAYERS","HEAD","CHICKENS, LAYERS - SALES, MEASURED IN HEAD","08","CO","COLORADO","105","RIO GRANDE"
"197","08107",30.2423088677508,234,167.28,"CHICKENS","LAYERS","HEAD","CHICKENS, LAYERS - SALES, MEASURED IN HEAD","08","CO","COLORADO","107","ROUTT"
"198","08117",0.209340288432034,40,131.2,"CHICKENS","BROILERS","HEAD","CHICKENS, BROILERS - SALES, MEASURED IN HEAD","08","CO","COLORADO","117","SUMMIT"
"199","08119",6.7158,41,0,"CHICKENS","LAYERS","HEAD","CHICKENS, LAYERS - SALES, MEASURED IN HEAD","08","CO","COLORADO","119","TELLER"
"200","08121",13.923,85,0,"CHICKENS","LAYERS","HEAD","CHICKENS, LAYERS - SALES, MEASURED IN HEAD","08","CO","COLORADO","121","WASHINGTON"
"201","08123",462364.9758,2822741,0,"CHICKENS","ROOSTERS","HEAD","CHICKENS, ROOSTERS - SALES, MEASURED IN HEAD","08","CO","COLORADO","123","WELD"
"202","32003",2.9484,18,0,"CHICKENS","LAYERS","HEAD","CHICKENS, LAYERS - SALES, MEASURED IN HEAD","32","NV","NEVADA","003","CLARK"
"203","32005",25.7166,157,0,"CHICKENS","LAYERS","HEAD","CHICKENS, LAYERS - SALES, MEASURED IN HEAD","32","NV","NEVADA","005","DOUGLAS"
"204","32007",0.785026081620129,150,492,"CHICKENS","BROILERS","HEAD","CHICKENS, BROILERS - SALES, MEASURED IN HEAD","32","NV","NEVADA","007","ELKO"
"205","32019",19.0008,116,0,"CHICKENS","PULLETS, REPLACEMENT","HEAD","CHICKENS, PULLETS, REPLACEMENT - SALES, MEASURED IN HEAD","32","NV","NEVADA","019","LYON"
"206","32023",252.618345504756,1610,229.6,"CHICKENS","BROILERS","HEAD","CHICKENS, BROILERS - SALES, MEASURED IN HEAD","32","NV","NEVADA","023","NYE"
"207","32027",4.17350260816201,40,49.2,"CHICKENS","BROILERS","HEAD","CHICKENS, BROILERS - SALES, MEASURED IN HEAD","32","NV","NEVADA","027","PERSHING"
"208","32031",27.6822,169,0,"CHICKENS","LAYERS","HEAD","CHICKENS, LAYERS - SALES, MEASURED IN HEAD","32","NV","NEVADA","031","WASHOE"
"209","35001",877.558862595888,5706,1180.8,"CHICKENS","ROOSTERS","HEAD","CHICKENS, ROOSTERS - SALES, MEASURED IN HEAD","35","NM","NEW MEXICO","001","BERNALILLO"
"210","35003",14.0868,86,0,"CHICKENS","LAYERS","HEAD","CHICKENS, LAYERS - SALES, MEASURED IN HEAD","35","NM","NEW MEXICO","003","CATRON"
"211","35005",44.6436689782142,471,672.4,"CHICKENS","LAYERS","HEAD","CHICKENS, LAYERS - SALES, MEASURED IN HEAD","35","NM","NEW MEXICO","005","CHAVES"
"212","35006",73.71,450,0,"CHICKENS","PULLETS, REPLACEMENT","HEAD","CHICKENS, PULLETS, REPLACEMENT - SALES, MEASURED IN HEAD","35","NM","NEW MEXICO","006","CIBOLA"
"213","35007",19.656,120,0,"CHICKENS","LAYERS","HEAD","CHICKENS, LAYERS - SALES, MEASURED IN HEAD","35","NM","NEW MEXICO","007","COLFAX"
"214","35009",68.796,420,0,"CHICKENS","LAYERS","HEAD","CHICKENS, LAYERS - SALES, MEASURED IN HEAD","35","NM","NEW MEXICO","009","CURRY"
"215","35013",63.063,385,0,"CHICKENS","LAYERS","HEAD","CHICKENS, LAYERS - SALES, MEASURED IN HEAD","35","NM","NEW MEXICO","013","DONA ANA"
"216","35015",48.6078312979441,471,590.4,"CHICKENS","BROILERS","HEAD","CHICKENS, BROILERS - SALES, MEASURED IN HEAD","35","NM","NEW MEXICO","015","EDDY"
"217","35017",10.3194,63,0,"CHICKENS","ROOSTERS","HEAD","CHICKENS, ROOSTERS - SALES, MEASURED IN HEAD","35","NM","NEW MEXICO","017","GRANT"
"218","35025",7.2072,44,0,"CHICKENS","LAYERS","HEAD","CHICKENS, LAYERS - SALES, MEASURED IN HEAD","35","NM","NEW MEXICO","025","LEA"
"219","35027",20.3112,124,0,"CHICKENS","LAYERS","HEAD","CHICKENS, LAYERS - SALES, MEASURED IN HEAD","35","NM","NEW MEXICO","027","LINCOLN"
"220","35031",17.6904,108,0,"CHICKENS","ROOSTERS","HEAD","CHICKENS, ROOSTERS - SALES, MEASURED IN HEAD","35","NM","NEW MEXICO","031","MCKINLEY"
"221","35033",33.4152,204,0,"CHICKENS","PULLETS, REPLACEMENT","HEAD","CHICKENS, PULLETS, REPLACEMENT - SALES, MEASURED IN HEAD","35","NM","NEW MEXICO","033","MORA"
"222","35035",20.0716457809144,563,1492.4,"CHICKENS","LAYERS","HEAD","CHICKENS, LAYERS - SALES, MEASURED IN HEAD","35","NM","NEW MEXICO","035","OTERO"
"223","35039",139.23,850,0,"CHICKENS","LAYERS","HEAD","CHICKENS, LAYERS - SALES, MEASURED IN HEAD","35","NM","NEW MEXICO","039","RIO ARRIBA"
"224","35043",45.2088,276,0,"CHICKENS","LAYERS","HEAD","CHICKENS, LAYERS - SALES, MEASURED IN HEAD","35","NM","NEW MEXICO","043","SANDOVAL"
"225","35045",61.0974,373,0,"CHICKENS","ROOSTERS","HEAD","CHICKENS, ROOSTERS - SALES, MEASURED IN HEAD","35","NM","NEW MEXICO","045","SAN JUAN"
"226","35047",2.9484,18,0,"CHICKENS","LAYERS","HEAD","CHICKENS, LAYERS - SALES, MEASURED IN HEAD","35","NM","NEW MEXICO","047","SAN MIGUEL"
"227","35049",10.9678929733047,399,1125.04,"CHICKENS","BROILERS","HEAD","CHICKENS, BROILERS - SALES, MEASURED IN HEAD","35","NM","NEW MEXICO","049","SANTA FE"
"228","35051",11.6298,71,0,"CHICKENS","LAYERS","HEAD","CHICKENS, LAYERS - SALES, MEASURED IN HEAD","35","NM","NEW MEXICO","051","SIERRA"
"229","35053",82.3914,503,0,"CHICKENS","LAYERS","HEAD","CHICKENS, LAYERS - SALES, MEASURED IN HEAD","35","NM","NEW MEXICO","053","SOCORRO"
"230","35055",34.7256,212,0,"CHICKENS","LAYERS","HEAD","CHICKENS, LAYERS - SALES, MEASURED IN HEAD","35","NM","NEW MEXICO","055","TAOS"
"231","35061",24.0786,147,0,"CHICKENS","PULLETS, REPLACEMENT","HEAD","CHICKENS, PULLETS, REPLACEMENT - SALES, MEASURED IN HEAD","35","NM","NEW MEXICO","061","VALENCIA"
"232","49003",110.415514759129,1313,2164.8,"CHICKENS","LAYERS","HEAD","CHICKENS, LAYERS - SALES, MEASURED IN HEAD","49","UT","UTAH","003","BOX ELDER"
"233","49007",74.0376,452,0,"CHICKENS","ROOSTERS","HEAD","CHICKENS, ROOSTERS - SALES, MEASURED IN HEAD","49","UT","UTAH","007","CARBON"
"234","49011",12.1353392451672,107,111.52,"CHICKENS","BROILERS","HEAD","CHICKENS, BROILERS - SALES, MEASURED IN HEAD","49","UT","UTAH","011","DAVIS"
"235","49013",143.1612,874,0,"CHICKENS","LAYERS","HEAD","CHICKENS, LAYERS - SALES, MEASURED IN HEAD","49","UT","UTAH","013","DUCHESNE"
"236","49015",18.018,110,0,"CHICKENS","LAYERS","HEAD","CHICKENS, LAYERS - SALES, MEASURED IN HEAD","49","UT","UTAH","015","EMERY"
"237","49021",6.552,40,0,"CHICKENS","LAYERS","HEAD","CHICKENS, LAYERS - SALES, MEASURED IN HEAD","49","UT","UTAH","021","IRON"
"238","49025",2.457,15,0,"CHICKENS","LAYERS","HEAD","CHICKENS, LAYERS - SALES, MEASURED IN HEAD","49","UT","UTAH","025","KANE"
"239","49029",0.601853329242099,115,377.2,"CHICKENS","BROILERS","HEAD","CHICKENS, BROILERS - SALES, MEASURED IN HEAD","49","UT","UTAH","029","MORGAN"
"240","49035",18.837,115,0,"CHICKENS","LAYERS","HEAD","CHICKENS, LAYERS - SALES, MEASURED IN HEAD","49","UT","UTAH","035","SALT LAKE"
"241","49037",37.0188,226,0,"CHICKENS","PULLETS, REPLACEMENT","HEAD","CHICKENS, PULLETS, REPLACEMENT - SALES, MEASURED IN HEAD","49","UT","UTAH","037","SAN JUAN"
"242","49039",79.9344,488,0,"CHICKENS","LAYERS","HEAD","CHICKENS, LAYERS - SALES, MEASURED IN HEAD","49","UT","UTAH","039","SANPETE"
"243","49041",380.514370297637,2900,1954.88,"CHICKENS","BROILERS","HEAD","CHICKENS, BROILERS - SALES, MEASURED IN HEAD","49","UT","UTAH","041","SEVIER"
"244","49043",33.510502485425,404,675.68,"CHICKENS","LAYERS","HEAD","CHICKENS, LAYERS - SALES, MEASURED IN HEAD","49","UT","UTAH","043","SUMMIT"
"245","49047",109.058451979135,2811,7268.48,"CHICKENS","BROILERS","HEAD","CHICKENS, BROILERS - SALES, MEASURED IN HEAD","49","UT","UTAH","047","UINTAH"
"246","49049",19.9569705431114,329,701.92,"CHICKENS","BROILERS","HEAD","CHICKENS, BROILERS - SALES, MEASURED IN HEAD","49","UT","UTAH","049","UTAH"
"247","49051",14.4144,88,0,"CHICKENS","LAYERS","HEAD","CHICKENS, LAYERS - SALES, MEASURED IN HEAD","49","UT","UTAH","051","WASATCH"
"248","49053",452.2518,2761,0,"CHICKENS","PULLETS, REPLACEMENT","HEAD","CHICKENS, PULLETS, REPLACEMENT - SALES, MEASURED IN HEAD","49","UT","UTAH","053","WASHINGTON"
"249","49055",12.4488,76,0,"CHICKENS","LAYERS","HEAD","CHICKENS, LAYERS - SALES, MEASURED IN HEAD","49","UT","UTAH","055","WAYNE"
"250","49057",62.4711517643449,484,347.68,"CHICKENS","ROOSTERS","HEAD","CHICKENS, ROOSTERS - SALES, MEASURED IN HEAD","49","UT","UTAH","057","WEBER"
"251","04001",92.9538999693157,259,42074.55,"HOGS","ALL CLASSES","HEAD","HOGS - SALES, MEASURED IN HEAD","04","AZ","ARIZONA","001","APACHE"
"252","04003",312.597864375575,871,141493.95,"HOGS","ALL CLASSES","HEAD","HOGS - SALES, MEASURED IN HEAD","04","AZ","ARIZONA","003","COCHISE"
"253","04005",98.3373304694692,274,44511.3,"HOGS","ALL CLASSES","HEAD","HOGS - SALES, MEASURED IN HEAD","04","AZ","ARIZONA","005","COCONINO"
"254","04007",3.23005830009205,9,1462.05,"HOGS","ALL CLASSES","HEAD","HOGS - SALES, MEASURED IN HEAD","04","AZ","ARIZONA","007","GILA"
"255","04009",146.070414237496,407,66117.15,"HOGS","ALL CLASSES","HEAD","HOGS - SALES, MEASURED IN HEAD","04","AZ","ARIZONA","009","GRAHAM"
"256","04012",646.011660018411,1800,292410,"HOGS","ALL CLASSES","HEAD","HOGS - SALES, MEASURED IN HEAD","04","AZ","ARIZONA","012","LAPAZ"
"257","04013",1011.00824792881,2817,457621.65,"HOGS","ALL CLASSES","HEAD","HOGS - SALES, MEASURED IN HEAD","04","AZ","ARIZONA","013","MARICOPA"
"258","04015",30.8650015342129,86,13970.7,"HOGS","ALL CLASSES","HEAD","HOGS - SALES, MEASURED IN HEAD","04","AZ","ARIZONA","015","MOHAVE"
"259","04021",93.3127953359926,260,42237,"HOGS","ALL CLASSES","HEAD","HOGS - SALES, MEASURED IN HEAD","04","AZ","ARIZONA","021","PINAL"
"260","04025",49.8864559680884,139,22580.55,"HOGS","ALL CLASSES","HEAD","HOGS - SALES, MEASURED IN HEAD","04","AZ","ARIZONA","025","YAVAPAI"
"261","04027",255.533501073949,712,115664.4,"HOGS","ALL CLASSES","HEAD","HOGS - SALES, MEASURED IN HEAD","04","AZ","ARIZONA","027","YUMA"
"262","08005",297.524258975146,829,134671.05,"HOGS","ALL CLASSES","HEAD","HOGS - SALES, MEASURED IN HEAD","08","CO","COLORADO","005","ARAPAHOE"
"263","08007",3.94784903344584,11,1786.95,"HOGS","ALL CLASSES","HEAD","HOGS - SALES, MEASURED IN HEAD","08","CO","COLORADO","007","ARCHULETA"
"264","08013",265.223675974225,739,120050.55,"HOGS","ALL CLASSES","HEAD","HOGS - SALES, MEASURED IN HEAD","08","CO","COLORADO","013","BOULDER"
"265","08015",53.8343050015342,150,24367.5,"HOGS","ALL CLASSES","HEAD","HOGS - SALES, MEASURED IN HEAD","08","CO","COLORADO","015","CHAFFEE"
"266","08017",17.9447683338447,50,8122.5,"HOGS","ALL CLASSES","HEAD","HOGS - SALES, MEASURED IN HEAD","08","CO","COLORADO","017","CHEYENNE"
"267","08021",111.616459036514,311,50521.95,"HOGS","ALL CLASSES","HEAD","HOGS - SALES, MEASURED IN HEAD","08","CO","COLORADO","021","CONEJOS"
"268","08025",161.502915004603,450,73102.5,"HOGS","ALL CLASSES","HEAD","HOGS - SALES, MEASURED IN HEAD","08","CO","COLORADO","025","CROWLEY"
"269","08027",30.1472108008592,84,13645.8,"HOGS","ALL CLASSES","HEAD","HOGS - SALES, MEASURED IN HEAD","08","CO","COLORADO","027","CUSTER"
"270","08029",460.821650813133,1284,208585.8,"HOGS","ALL CLASSES","HEAD","HOGS - SALES, MEASURED IN HEAD","08","CO","COLORADO","029","DELTA"
"271","08035",34.8128505676588,97,15757.65,"HOGS","ALL CLASSES","HEAD","HOGS - SALES, MEASURED IN HEAD","08","CO","COLORADO","035","DOUGLAS"
"272","08037",10.7668610003068,30,4873.5,"HOGS","ALL CLASSES","HEAD","HOGS - SALES, MEASURED IN HEAD","08","CO","COLORADO","037","EAGLE"
"273","08039",244.048849340288,680,110466,"HOGS","ALL CLASSES","HEAD","HOGS - SALES, MEASURED IN HEAD","08","CO","COLORADO","039","ELBERT"
"274","08041",206.005940472538,574,93246.3,"HOGS","ALL CLASSES","HEAD","HOGS - SALES, MEASURED IN HEAD","08","CO","COLORADO","041","EL PASO"
"275","08043",136.38023933722,380,61731,"HOGS","ALL CLASSES","HEAD","HOGS - SALES, MEASURED IN HEAD","08","CO","COLORADO","043","FREMONT"
"276","08045",87.2115741024854,243,39475.35,"HOGS","ALL CLASSES","HEAD","HOGS - SALES, MEASURED IN HEAD","08","CO","COLORADO","045","GARFIELD"
"277","08049",9.33127953359926,26,4223.7,"HOGS","ALL CLASSES","HEAD","HOGS - SALES, MEASURED IN HEAD","08","CO","COLORADO","049","GRAND"
"278","08051",11.4846517336606,32,5198.4,"HOGS","ALL CLASSES","HEAD","HOGS - SALES, MEASURED IN HEAD","08","CO","COLORADO","051","GUNNISON"
"279","08055",4.30674440012274,12,1949.4,"HOGS","ALL CLASSES","HEAD","HOGS - SALES, MEASURED IN HEAD","08","CO","COLORADO","055","HUERFANO"
"280","08067",199.186928505677,555,90159.75,"HOGS","ALL CLASSES","HEAD","HOGS - SALES, MEASURED IN HEAD","08","CO","COLORADO","067","LA PLATA"
"281","08069",250.867861307149,699,113552.55,"HOGS","ALL CLASSES","HEAD","HOGS - SALES, MEASURED IN HEAD","08","CO","COLORADO","069","LARIMER"
"282","08071",12.2024424670144,34,5523.3,"HOGS","ALL CLASSES","HEAD","HOGS - SALES, MEASURED IN HEAD","08","CO","COLORADO","071","LAS ANIMAS"
"283","08073",236.512046640074,659,107054.55,"HOGS","ALL CLASSES","HEAD","HOGS - SALES, MEASURED IN HEAD","08","CO","COLORADO","073","LINCOLN"
"284","08075",16462.8893648358,45871,7451743.95,"HOGS","ALL CLASSES","HEAD","HOGS - SALES, MEASURED IN HEAD","08","CO","COLORADO","075","LOGAN"
"285","08077",429.238858545566,1196,194290.2,"HOGS","ALL CLASSES","HEAD","HOGS - SALES, MEASURED IN HEAD","08","CO","COLORADO","077","MESA"
"286","08081",156.478379871126,436,70828.2,"HOGS","ALL CLASSES","HEAD","HOGS - SALES, MEASURED IN HEAD","08","CO","COLORADO","081","MOFFAT"
"287","08083",93.3127953359926,260,42237,"HOGS","ALL CLASSES","HEAD","HOGS - SALES, MEASURED IN HEAD","08","CO","COLORADO","083","MONTEZUMA"
"288","08085",761.575968088371,2122,344718.9,"HOGS","ALL CLASSES","HEAD","HOGS - SALES, MEASURED IN HEAD","08","CO","COLORADO","085","MONTROSE"
"289","08087",174.064252838294,485,78788.25,"HOGS","ALL CLASSES","HEAD","HOGS - SALES, MEASURED IN HEAD","08","CO","COLORADO","087","MORGAN"
"290","08089",97.9784351027923,273,44348.85,"HOGS","ALL CLASSES","HEAD","HOGS - SALES, MEASURED IN HEAD","08","CO","COLORADO","089","OTERO"
"291","08093",22.9693034673213,64,10396.8,"HOGS","ALL CLASSES","HEAD","HOGS - SALES, MEASURED IN HEAD","08","CO","COLORADO","093","PARK"
"292","08101",7604.27502915004,21188,3441990.6,"HOGS","ALL CLASSES","HEAD","HOGS - SALES, MEASURED IN HEAD","08","CO","COLORADO","101","PUEBLO"
"293","08103",14.3558146670758,40,6498,"HOGS","ALL CLASSES","HEAD","HOGS - SALES, MEASURED IN HEAD","08","CO","COLORADO","103","RIO BLANCO"
"294","08105",74.6502362687941,208,33789.6,"HOGS","ALL CLASSES","HEAD","HOGS - SALES, MEASURED IN HEAD","08","CO","COLORADO","105","RIO GRANDE"
"295","08107",47.733083768027,133,21605.85,"HOGS","ALL CLASSES","HEAD","HOGS - SALES, MEASURED IN HEAD","08","CO","COLORADO","107","ROUTT"
"296","08109",15.7913961337834,44,7147.8,"HOGS","ALL CLASSES","HEAD","HOGS - SALES, MEASURED IN HEAD","08","CO","COLORADO","109","SAGUACHE"
"297","08117",5.38343050015342,15,2436.75,"HOGS","ALL CLASSES","HEAD","HOGS - SALES, MEASURED IN HEAD","08","CO","COLORADO","117","SUMMIT"
"298","08121",2902.02793494937,8086,1313570.7,"HOGS","ALL CLASSES","HEAD","HOGS - SALES, MEASURED IN HEAD","08","CO","COLORADO","121","WASHINGTON"
"299","08123",1926.55032832157,5368,872031.6,"HOGS","ALL CLASSES","HEAD","HOGS - SALES, MEASURED IN HEAD","08","CO","COLORADO","123","WELD"
"300","32001",49.5275606014115,138,22418.1,"HOGS","ALL CLASSES","HEAD","HOGS - SALES, MEASURED IN HEAD","32","NV","NEVADA","001","CHURCHILL"
"301","32017",10.7668610003068,30,4873.5,"HOGS","ALL CLASSES","HEAD","HOGS - SALES, MEASURED IN HEAD","32","NV","NEVADA","017","LINCOLN"
"302","32019",23.3281988339982,65,10559.25,"HOGS","ALL CLASSES","HEAD","HOGS - SALES, MEASURED IN HEAD","32","NV","NEVADA","019","LYON"
"303","32023",10.7668610003068,30,4873.5,"HOGS","ALL CLASSES","HEAD","HOGS - SALES, MEASURED IN HEAD","32","NV","NEVADA","023","NYE"
"304","35001",236.153151273397,658,106892.1,"HOGS","ALL CLASSES","HEAD","HOGS - SALES, MEASURED IN HEAD","35","NM","NEW MEXICO","001","BERNALILLO"
"305","35005",12.2024424670144,34,5523.3,"HOGS","ALL CLASSES","HEAD","HOGS - SALES, MEASURED IN HEAD","35","NM","NEW MEXICO","005","CHAVES"
"306","35006",53.1165142681804,148,24042.6,"HOGS","ALL CLASSES","HEAD","HOGS - SALES, MEASURED IN HEAD","35","NM","NEW MEXICO","006","CIBOLA"
"307","35009",48.8097698680577,136,22093.2,"HOGS","ALL CLASSES","HEAD","HOGS - SALES, MEASURED IN HEAD","35","NM","NEW MEXICO","009","CURRY"
"308","35013",7.1779073335379,20,3249,"HOGS","ALL CLASSES","HEAD","HOGS - SALES, MEASURED IN HEAD","35","NM","NEW MEXICO","013","DONA ANA"
"309","35015",64.9600613685179,181,29403.45,"HOGS","ALL CLASSES","HEAD","HOGS - SALES, MEASURED IN HEAD","35","NM","NEW MEXICO","015","EDDY"
"310","35017",5.38343050015342,15,2436.75,"HOGS","ALL CLASSES","HEAD","HOGS - SALES, MEASURED IN HEAD","35","NM","NEW MEXICO","017","GRANT"
"311","35019",33.0183737342743,92,14945.4,"HOGS","ALL CLASSES","HEAD","HOGS - SALES, MEASURED IN HEAD","35","NM","NEW MEXICO","019","GUADALUPE"
"312","35027",6.46011660018411,18,2924.1,"HOGS","ALL CLASSES","HEAD","HOGS - SALES, MEASURED IN HEAD","35","NM","NEW MEXICO","027","LINCOLN"
"313","35031",16.5091868671372,46,7472.7,"HOGS","ALL CLASSES","HEAD","HOGS - SALES, MEASURED IN HEAD","35","NM","NEW MEXICO","031","MCKINLEY"
"314","35033",2.15337220006137,6,974.7,"HOGS","ALL CLASSES","HEAD","HOGS - SALES, MEASURED IN HEAD","35","NM","NEW MEXICO","033","MORA"
"315","35035",10.0490702669531,28,4548.6,"HOGS","ALL CLASSES","HEAD","HOGS - SALES, MEASURED IN HEAD","35","NM","NEW MEXICO","035","OTERO"
"316","35037",33.0183737342743,92,14945.4,"HOGS","ALL CLASSES","HEAD","HOGS - SALES, MEASURED IN HEAD","35","NM","NEW MEXICO","037","QUAY"
"317","35039",11.8435471003375,33,5360.85,"HOGS","ALL CLASSES","HEAD","HOGS - SALES, MEASURED IN HEAD","35","NM","NEW MEXICO","039","RIO ARRIBA"
"318","35041",64.2422706351642,179,29078.55,"HOGS","ALL CLASSES","HEAD","HOGS - SALES, MEASURED IN HEAD","35","NM","NEW MEXICO","041","ROOSEVELT"
"319","35043",15.4325007671065,43,6985.35,"HOGS","ALL CLASSES","HEAD","HOGS - SALES, MEASURED IN HEAD","35","NM","NEW MEXICO","043","SANDOVAL"
"320","35045",125.97227370359,351,57019.95,"HOGS","ALL CLASSES","HEAD","HOGS - SALES, MEASURED IN HEAD","35","NM","NEW MEXICO","045","SAN JUAN"
"321","35047",80.7514575023013,225,36551.25,"HOGS","ALL CLASSES","HEAD","HOGS - SALES, MEASURED IN HEAD","35","NM","NEW MEXICO","047","SAN MIGUEL"
"322","35049",138.892506903958,387,62868.15,"HOGS","ALL CLASSES","HEAD","HOGS - SALES, MEASURED IN HEAD","35","NM","NEW MEXICO","049","SANTA FE"
"323","35053",43.4263393679043,121,19656.45,"HOGS","ALL CLASSES","HEAD","HOGS - SALES, MEASURED IN HEAD","35","NM","NEW MEXICO","053","SOCORRO"
"324","35055",17.9447683338447,50,8122.5,"HOGS","ALL CLASSES","HEAD","HOGS - SALES, MEASURED IN HEAD","35","NM","NEW MEXICO","055","TAOS"
"325","35057",54.1932003682111,151,24529.95,"HOGS","ALL CLASSES","HEAD","HOGS - SALES, MEASURED IN HEAD","35","NM","NEW MEXICO","057","TORRANCE"
"326","35059",6.46011660018411,18,2924.1,"HOGS","ALL CLASSES","HEAD","HOGS - SALES, MEASURED IN HEAD","35","NM","NEW MEXICO","059","UNION"
"327","35061",59.2177355016876,165,26804.25,"HOGS","ALL CLASSES","HEAD","HOGS - SALES, MEASURED IN HEAD","35","NM","NEW MEXICO","061","VALENCIA"
"328","49001",493579.825406566,1375275,223413423.75,"HOGS","ALL CLASSES","HEAD","HOGS - SALES, MEASURED IN HEAD","49","UT","UTAH","001","BEAVER"
"329","49003",235.435360540043,656,106567.2,"HOGS","ALL CLASSES","HEAD","HOGS - SALES, MEASURED IN HEAD","49","UT","UTAH","003","BOX ELDER"
"330","49007",33.3772691009512,93,15107.85,"HOGS","ALL CLASSES","HEAD","HOGS - SALES, MEASURED IN HEAD","49","UT","UTAH","007","CARBON"
"331","49009",35.8895366676895,100,16245,"HOGS","ALL CLASSES","HEAD","HOGS - SALES, MEASURED IN HEAD","49","UT","UTAH","009","DAGGETT"
"332","49011",274.554955507824,765,124274.25,"HOGS","ALL CLASSES","HEAD","HOGS - SALES, MEASURED IN HEAD","49","UT","UTAH","011","DAVIS"
"333","49013",126.690064436944,353,57344.85,"HOGS","ALL CLASSES","HEAD","HOGS - SALES, MEASURED IN HEAD","49","UT","UTAH","013","DUCHESNE"
"334","49015",144.993728137465,404,65629.8,"HOGS","ALL CLASSES","HEAD","HOGS - SALES, MEASURED IN HEAD","49","UT","UTAH","015","EMERY"
"335","49017",18.6625590671985,52,8447.4,"HOGS","ALL CLASSES","HEAD","HOGS - SALES, MEASURED IN HEAD","49","UT","UTAH","017","GARFIELD"
"336","49023",4.66563976679963,13,2111.85,"HOGS","ALL CLASSES","HEAD","HOGS - SALES, MEASURED IN HEAD","49","UT","UTAH","023","JUAB"
"337","49025",13.2791285670451,37,6010.65,"HOGS","ALL CLASSES","HEAD","HOGS - SALES, MEASURED IN HEAD","49","UT","UTAH","025","KANE"
"338","49027",107.668610003068,300,48735,"HOGS","ALL CLASSES","HEAD","HOGS - SALES, MEASURED IN HEAD","49","UT","UTAH","027","MILLARD"
"339","49029",73.9324455354403,206,33464.7,"HOGS","ALL CLASSES","HEAD","HOGS - SALES, MEASURED IN HEAD","49","UT","UTAH","029","MORGAN"
"340","49033",2.87116293341516,8,1299.6,"HOGS","ALL CLASSES","HEAD","HOGS - SALES, MEASURED IN HEAD","49","UT","UTAH","033","RICH"
"341","49035",127.766750536975,356,57832.2,"HOGS","ALL CLASSES","HEAD","HOGS - SALES, MEASURED IN HEAD","49","UT","UTAH","035","SALT LAKE"
"342","49037",90.0827370359006,251,40774.95,"HOGS","ALL CLASSES","HEAD","HOGS - SALES, MEASURED IN HEAD","49","UT","UTAH","037","SAN JUAN"
"343","49039",272.76047867444,760,123462,"HOGS","ALL CLASSES","HEAD","HOGS - SALES, MEASURED IN HEAD","49","UT","UTAH","039","SANPETE"
"344","49041",335.20827247622,934,151728.3,"HOGS","ALL CLASSES","HEAD","HOGS - SALES, MEASURED IN HEAD","49","UT","UTAH","041","SEVIER"
"345","49043",79.3158760355937,221,35901.45,"HOGS","ALL CLASSES","HEAD","HOGS - SALES, MEASURED IN HEAD","49","UT","UTAH","043","SUMMIT"
"346","49045",239.742104940166,668,108516.6,"HOGS","ALL CLASSES","HEAD","HOGS - SALES, MEASURED IN HEAD","49","UT","UTAH","045","TOOELE"
"347","49047",239.383209573489,667,108354.15,"HOGS","ALL CLASSES","HEAD","HOGS - SALES, MEASURED IN HEAD","49","UT","UTAH","047","UINTAH"
"348","49049",708.100558453513,1973,320513.85,"HOGS","ALL CLASSES","HEAD","HOGS - SALES, MEASURED IN HEAD","49","UT","UTAH","049","UTAH"
"349","49051",38.4018042344277,107,17382.15,"HOGS","ALL CLASSES","HEAD","HOGS - SALES, MEASURED IN HEAD","49","UT","UTAH","051","WASATCH"
"350","49053",59.2177355016876,165,26804.25,"HOGS","ALL CLASSES","HEAD","HOGS - SALES, MEASURED IN HEAD","49","UT","UTAH","053","WASHINGTON"
"351","49057",59.9355262350414,167,27129.15,"HOGS","ALL CLASSES","HEAD","HOGS - SALES, MEASURED IN HEAD","49","UT","UTAH","057","WEBER"
"352","04013",2.87377944154649,114,1808.04,"TURKEYS","ALL CLASSES","HEAD","TURKEYS - SALES, MEASURED IN HEAD","04","AZ","ARIZONA","013","MARICOPA"
"353","04015",0.151251549555078,6,95.16,"TURKEYS","ALL CLASSES","HEAD","TURKEYS - SALES, MEASURED IN HEAD","04","AZ","ARIZONA","015","MOHAVE"
"354","04017",1.18480380484811,47,745.42,"TURKEYS","ALL CLASSES","HEAD","TURKEYS - SALES, MEASURED IN HEAD","04","AZ","ARIZONA","017","NAVAJO"
"355","04019",1.26042957962565,50,793,"TURKEYS","ALL CLASSES","HEAD","TURKEYS - SALES, MEASURED IN HEAD","04","AZ","ARIZONA","019","PIMA"
"356","04021",1.71418422829089,68,1078.48,"TURKEYS","ALL CLASSES","HEAD","TURKEYS - SALES, MEASURED IN HEAD","04","AZ","ARIZONA","021","PINAL"
"357","04025",8.41966959189936,334,5297.24,"TURKEYS","ALL CLASSES","HEAD","TURKEYS - SALES, MEASURED IN HEAD","04","AZ","ARIZONA","025","YAVAPAI"
"358","08001",1.76460141147591,70,1110.2,"TURKEYS","ALL CLASSES","HEAD","TURKEYS - SALES, MEASURED IN HEAD","08","CO","COLORADO","001","ADAMS"
"359","08005",1.86543577784597,74,1173.64,"TURKEYS","ALL CLASSES","HEAD","TURKEYS - SALES, MEASURED IN HEAD","08","CO","COLORADO","005","ARAPAHOE"
"360","08007",1.86543577784597,74,1173.64,"TURKEYS","ALL CLASSES","HEAD","TURKEYS - SALES, MEASURED IN HEAD","08","CO","COLORADO","007","ARCHULETA"
"361","08013",8.87342424056459,352,5582.72,"TURKEYS","ALL CLASSES","HEAD","TURKEYS - SALES, MEASURED IN HEAD","08","CO","COLORADO","013","BOULDER"
"362","08025",1.28563817121817,51,808.86,"TURKEYS","ALL CLASSES","HEAD","TURKEYS - SALES, MEASURED IN HEAD","08","CO","COLORADO","025","CROWLEY"
"363","08029",1.43688972077324,57,904.02,"TURKEYS","ALL CLASSES","HEAD","TURKEYS - SALES, MEASURED IN HEAD","08","CO","COLORADO","029","DELTA"
"364","08035",2.14273028536361,85,1348.1,"TURKEYS","ALL CLASSES","HEAD","TURKEYS - SALES, MEASURED IN HEAD","08","CO","COLORADO","035","DOUGLAS"
"365","08037",6.50381663086836,258,4091.88,"TURKEYS","ALL CLASSES","HEAD","TURKEYS - SALES, MEASURED IN HEAD","08","CO","COLORADO","037","EAGLE"
"366","08039",6.90715409634857,274,4345.64,"TURKEYS","ALL CLASSES","HEAD","TURKEYS - SALES, MEASURED IN HEAD","08","CO","COLORADO","039","ELBERT"
"367","08041",15.7301611537281,624,9896.64,"TURKEYS","ALL CLASSES","HEAD","TURKEYS - SALES, MEASURED IN HEAD","08","CO","COLORADO","041","EL PASO"
"368","08043",1.10917803007057,44,697.84,"TURKEYS","ALL CLASSES","HEAD","TURKEYS - SALES, MEASURED IN HEAD","08","CO","COLORADO","043","FREMONT"
"369","08045",0.25208591592513,10,158.6,"TURKEYS","ALL CLASSES","HEAD","TURKEYS - SALES, MEASURED IN HEAD","08","CO","COLORADO","045","GARFIELD"
"370","08059",1.99147873580853,79,1252.94,"TURKEYS","ALL CLASSES","HEAD","TURKEYS - SALES, MEASURED IN HEAD","08","CO","COLORADO","059","JEFFERSON"
"371","08061",3.78128873887696,150,2379,"TURKEYS","ALL CLASSES","HEAD","TURKEYS - SALES, MEASURED IN HEAD","08","CO","COLORADO","061","KIOWA"
"372","08067",2.79815366676895,111,1760.46,"TURKEYS","ALL CLASSES","HEAD","TURKEYS - SALES, MEASURED IN HEAD","08","CO","COLORADO","067","LA PLATA"
"373","08069",14.8226518563977,588,9325.68,"TURKEYS","ALL CLASSES","HEAD","TURKEYS - SALES, MEASURED IN HEAD","08","CO","COLORADO","069","LARIMER"
"374","08075",0.403337465480209,16,253.76,"TURKEYS","ALL CLASSES","HEAD","TURKEYS - SALES, MEASURED IN HEAD","08","CO","COLORADO","075","LOGAN"
"375","08077",11.2430318502608,446,7073.56,"TURKEYS","ALL CLASSES","HEAD","TURKEYS - SALES, MEASURED IN HEAD","08","CO","COLORADO","077","MESA"
"376","08083",3.75608014728444,149,2363.14,"TURKEYS","ALL CLASSES","HEAD","TURKEYS - SALES, MEASURED IN HEAD","08","CO","COLORADO","083","MONTEZUMA"
"377","08085",4.28546057072722,170,2696.2,"TURKEYS","ALL CLASSES","HEAD","TURKEYS - SALES, MEASURED IN HEAD","08","CO","COLORADO","085","MONTROSE"
"378","08101",0.403337465480209,16,253.76,"TURKEYS","ALL CLASSES","HEAD","TURKEYS - SALES, MEASURED IN HEAD","08","CO","COLORADO","101","PUEBLO"
"379","08107",0.756257747775391,30,475.8,"TURKEYS","ALL CLASSES","HEAD","TURKEYS - SALES, MEASURED IN HEAD","08","CO","COLORADO","107","ROUTT"
"380","08117",0.201668732740104,8,126.88,"TURKEYS","ALL CLASSES","HEAD","TURKEYS - SALES, MEASURED IN HEAD","08","CO","COLORADO","117","SUMMIT"
"381","08121",0.226877324332617,9,142.74,"TURKEYS","ALL CLASSES","HEAD","TURKEYS - SALES, MEASURED IN HEAD","08","CO","COLORADO","121","WASHINGTON"
"382","08123",4.03337465480209,160,2537.6,"TURKEYS","ALL CLASSES","HEAD","TURKEYS - SALES, MEASURED IN HEAD","08","CO","COLORADO","123","WELD"
"383","32003",0.90750929733047,36,570.96,"TURKEYS","ALL CLASSES","HEAD","TURKEYS - SALES, MEASURED IN HEAD","32","NV","NEVADA","003","CLARK"
"384","32007",0.151251549555078,6,95.16,"TURKEYS","ALL CLASSES","HEAD","TURKEYS - SALES, MEASURED IN HEAD","32","NV","NEVADA","007","ELKO"
"385","32013",0.151251549555078,6,95.16,"TURKEYS","ALL CLASSES","HEAD","TURKEYS - SALES, MEASURED IN HEAD","32","NV","NEVADA","013","HUMBOLDT"
"386","32019",0.932717888922983,37,586.82,"TURKEYS","ALL CLASSES","HEAD","TURKEYS - SALES, MEASURED IN HEAD","32","NV","NEVADA","019","LYON"
"387","32031",1.1595952132556,46,729.56,"TURKEYS","ALL CLASSES","HEAD","TURKEYS - SALES, MEASURED IN HEAD","32","NV","NEVADA","031","WASHOE"
"388","35001",3.22669972384167,128,2030.08,"TURKEYS","ALL CLASSES","HEAD","TURKEYS - SALES, MEASURED IN HEAD","35","NM","NEW MEXICO","001","BERNALILLO"
"389","35006",1.3612639459957,54,856.44,"TURKEYS","ALL CLASSES","HEAD","TURKEYS - SALES, MEASURED IN HEAD","35","NM","NEW MEXICO","006","CIBOLA"
"390","35009",0.126042957962565,5,79.3,"TURKEYS","ALL CLASSES","HEAD","TURKEYS - SALES, MEASURED IN HEAD","35","NM","NEW MEXICO","009","CURRY"
"391","35013",0.857092114145443,34,539.24,"TURKEYS","ALL CLASSES","HEAD","TURKEYS - SALES, MEASURED IN HEAD","35","NM","NEW MEXICO","013","DONA ANA"
"392","35015",1.58814127032832,63,999.18,"TURKEYS","ALL CLASSES","HEAD","TURKEYS - SALES, MEASURED IN HEAD","35","NM","NEW MEXICO","015","EDDY"
"393","35031",0.453754648665235,18,285.48,"TURKEYS","ALL CLASSES","HEAD","TURKEYS - SALES, MEASURED IN HEAD","35","NM","NEW MEXICO","031","MCKINLEY"
"394","35037",0.882300705737956,35,555.1,"TURKEYS","ALL CLASSES","HEAD","TURKEYS - SALES, MEASURED IN HEAD","35","NM","NEW MEXICO","037","QUAY"
"395","35043",0.83188352255293,33,523.38,"TURKEYS","ALL CLASSES","HEAD","TURKEYS - SALES, MEASURED IN HEAD","35","NM","NEW MEXICO","043","SANDOVAL"
"396","35045",2.74773648358392,109,1728.74,"TURKEYS","ALL CLASSES","HEAD","TURKEYS - SALES, MEASURED IN HEAD","35","NM","NEW MEXICO","045","SAN JUAN"
"397","35049",0.806674930960417,32,507.52,"TURKEYS","ALL CLASSES","HEAD","TURKEYS - SALES, MEASURED IN HEAD","35","NM","NEW MEXICO","049","SANTA FE"
"398","35055",0.201668732740104,8,126.88,"TURKEYS","ALL CLASSES","HEAD","TURKEYS - SALES, MEASURED IN HEAD","35","NM","NEW MEXICO","055","TAOS"
"399","35061",0.453754648665235,18,285.48,"TURKEYS","ALL CLASSES","HEAD","TURKEYS - SALES, MEASURED IN HEAD","35","NM","NEW MEXICO","061","VALENCIA"
"400","49003",3.32753409021172,132,2093.52,"TURKEYS","ALL CLASSES","HEAD","TURKEYS - SALES, MEASURED IN HEAD","49","UT","UTAH","003","BOX ELDER"
"401","49011",5.24338705124271,208,3298.88,"TURKEYS","ALL CLASSES","HEAD","TURKEYS - SALES, MEASURED IN HEAD","49","UT","UTAH","011","DAVIS"
"402","49013",0.201668732740104,8,126.88,"TURKEYS","ALL CLASSES","HEAD","TURKEYS - SALES, MEASURED IN HEAD","49","UT","UTAH","013","DUCHESNE"
"403","49029",0.90750929733047,36,570.96,"TURKEYS","ALL CLASSES","HEAD","TURKEYS - SALES, MEASURED IN HEAD","49","UT","UTAH","029","MORGAN"
"404","49039",147940.955638417,5868672,93077137.92,"TURKEYS","ALL CLASSES","HEAD","TURKEYS, PRODUCTION CONTRACT - PRODUCTION, MEASURED IN HEAD","49","UT","UTAH","039","SANPETE"
"405","49043",0.983135072108009,39,618.54,"TURKEYS","ALL CLASSES","HEAD","TURKEYS - SALES, MEASURED IN HEAD","49","UT","UTAH","043","SUMMIT"
"406","49047",7.56257747775391,300,4758,"TURKEYS","ALL CLASSES","HEAD","TURKEYS - SALES, MEASURED IN HEAD","49","UT","UTAH","047","UINTAH"
"407","49049",2.06710451058607,82,1300.52,"TURKEYS","ALL CLASSES","HEAD","TURKEYS - SALES, MEASURED IN HEAD","49","UT","UTAH","049","UTAH"
"408","49051",0.302503099110156,12,190.32,"TURKEYS","ALL CLASSES","HEAD","TURKEYS - SALES, MEASURED IN HEAD","49","UT","UTAH","051","WASATCH"
"409","49057",25.5110946916232,1012,16050.32,"TURKEYS","ALL CLASSES","HEAD","TURKEYS - SALES, MEASURED IN HEAD","49","UT","UTAH","057","WEBER"
